Workbook

Sheet Input
A1: Number of Boats | B1: 15
A2: Component Price | B2: =SUM(Table2[Price (Total)]) -> 507.72
A3: Price per Boat | B3: =B2/B1 -> 33.848
A27: Number of Boats | B27: 9 | C27: 1 | D27: 2 | E27: 3 | F27: 4 | G27: 5 | H27: 6 | I27: 7 | J27: 8 | K27: 9 | L27: 10 | M27: 11 | N27: 12 | O27: 13 | P27: 14 | Q27: 15 | R27: 16 | S27: 17 | T27: 18 | U27: 19 | V27: 20
A28: Prive per Boat | B28: =B3 -> 33.848 | C28: 226.6 | D28: 113.3 | E28: 75.533333 | F28: 56.65 | G28: 49.32 | H28: 53.281667 | I28: 45.67 | J28: 40.96 | K28: 39.463333 | L28: 35.517 | M28: 44.338182 | N28: 40.643333 | O28: 39.055385 | P28: 36.265714 | Q28: 33.848 | R28: 36.8 | S28: 36.252353 | T28: 34.238333 | U28: 32.436316 | V28: 30.8145
A29: Price Total | B29: =B2 -> 507.72 | C29: 226.6 | D29: 226.6 | E29: 226.6 | F29: 226.6 | G29: 246.6 | H29: 319.69 | I29: 319.69 | J29: 327.68 | K29: 355.17 | L29: 355.17 | M29: 487.72 | N29: 487.72 | O29: 507.72 | P29: 507.72 | Q29: 507.72 | R29: 588.8 | S29: 616.29 | T29: 616.29 | U29: 616.29 | V29: 616.29

Sheet BOM_2024_Workshop_Austria
A1: Number | B1: Group | C1: Component | D1: Image | E1: Description | F1: Price (per Package) | G1: Quantity (In Package) | H1: Pro Boot Benötigt | I1: Price (Per Boat) | J1: Quantity (min Packages) | K1: Price (Total) | L1: Link | M1: Alternative | N1: Alternative 2 | O1: Alternative 3 | P1: Check
A2: 1.1 | B2: 1 Brain | C2: Microcontroller | D2: #VALUE! | E2: Wemos D1 Mini | F2: 18.99 | G2: 5 | H2: 1 | I2: =F2 * (H2/G2) -> 3.798 | J2: =ROUNDUP((Table2[[#This Row],[Pro Boot Benötigt]]/Table2[[#This Row],[Quantity (In Package)]]) * Input!$B$1,0) -> 3 | K2: =Table2[[#This Row],[Price (per Package)]]*Table2[[#This Row],[Quantity (min Packages)]] -> 56.97 | L2: https://amzn.eu/d/8o4qvAL | P2: x
A3: 2.1 | B3: 2 Propulsion System | C3: Motor Driver | D3: #VALUE! | E3: DRV8833, 1.5 A | F3: 5.99 | G3: 5 | H3: 1 | I3: =F3 * (H3/G3) -> 1.198 | J3: =ROUNDUP((Table2[[#This Row],[Pro Boot Benötigt]]/Table2[[#This Row],[Quantity (In Package)]]) * Input!$B$1,0) -> 3 | K3: =Table2[[#This Row],[Price (per Package)]]*Table2[[#This Row],[Quantity (min Packages)]] -> 17.97 | L3: https://amzn.eu/d/gTUUtYN | P3: x
A4: 2.2 | B4: 2 Propulsion System | C4: Motor | D4: #VALUE! | E4: 7x20 mm coreless DC Motor, 55 mm Propeller (7x16 mm would be even better) | F4: 14.99 | G4: 10 | H4: 2 | I4: =F4 * (H4/G4) -> 2.998 | J4: =ROUNDUP((Table2[[#This Row],[Pro Boot Benötigt]]/Table2[[#This Row],[Quantity (In Package)]]) * Input!$B$1,0) -> 3 | K4: =Table2[[#This Row],[Price (per Package)]]*Table2[[#This Row],[Quantity (min Packages)]] -> 44.97 | L4: https://amzn.eu/d/8jy2FVU | O4: x | P4: x
A5: 2.3 | B5: 2 Propulsion System | C5: Propeller | F5: 7.49 | G5: 16 | H5: 2 | I5: =F5 * (H5/G5) -> 0.93625 | J5: =ROUNDUP((Table2[[#This Row],[Pro Boot Benötigt]]/Table2[[#This Row],[Quantity (In Package)]]) * Input!$B$1,0) -> 2 | K5: =Table2[[#This Row],[Price (per Package)]]*Table2[[#This Row],[Quantity (min Packages)]] -> 14.98 | L5: https://amzn.eu/d/e5wDtpY | P5: x
A6: 3.1 | B6: 3 Power Supply | C6: Switch | D6: #VALUE! | E6: 3 A Mini Switch | F6: 12.99 | G6: 10 | H6: 1 | I6: =F6 * (H6/G6) -> 1.299 | J6: =ROUNDUP((Table2[[#This Row],[Pro Boot Benötigt]]/Table2[[#This Row],[Quantity (In Package)]]) * Input!$B$1,0) -> 2 | K6: =Table2[[#This Row],[Price (per Package)]]*Table2[[#This Row],[Quantity (min Packages)]] -> 25.98 | L6: https://amzn.eu/d/4KCSOd2 | M6: https://amzn.eu/d/gmiQ5nL | N6: https://amzn.eu/d/7L0AFRe | O6: x | P6: x
A7: 3.2 | B7: 3 Power Supply | C7: Step Up Converter | D7: #VALUE! | E7: to 5 V 1 A | F7: 7.49 | G7: 10 | H7: 2 | I7: =F7 * (H7/G7) -> 1.498 | J7: =ROUNDUP((Table2[[#This Row],[Pro Boot Benötigt]]/Table2[[#This Row],[Quantity (In Package)]]) * Input!$B$1,0) -> 3 | K7: =Table2[[#This Row],[Price (per Package)]]*Table2[[#This Row],[Quantity (min Packages)]] -> 22.47 | L7: https://amzn.eu/d/hQ5Fipr | P7: x
A8: 3.3 | B8: 3 Power Supply | C8: BMS + Battery Holder | D8: #VALUE! | E8: Micro USB Port, TP4056 Chip, Charging and Protection | F8: 8 | G8: 10 | H8: 1 | I8: =F8 * (H8/G8) -> 0.8 | J8: =ROUNDUP((Table2[[#This Row],[Pro Boot Benötigt]]/Table2[[#This Row],[Quantity (In Package)]]) * Input!$B$1,0) -> 2 | K8: =Table2[[#This Row],[Price (per Package)]]*Table2[[#This Row],[Quantity (min Packages)]] -> 16 | L8: https://amzn.eu/d/i4H2p2R | P8: x
A9: 3.4 | B9: 3 Power Supply | C9: Battery | D9: #VALUE! | E9: 18650 Li-Ion | F9: 17.09 | G9: 5 | H9: 1 | I9: =F9 * (H9/G9) -> 3.418 | J9: =ROUNDUP((Table2[[#This Row],[Pro Boot Benötigt]]/Table2[[#This Row],[Quantity (In Package)]]) * Input!$B$1,0) -> 3 | K9: =Table2[[#This Row],[Price (per Package)]]*Table2[[#This Row],[Quantity (min Packages)]] -> 51.27 | L9: https://amzn.eu/d/8rUZ3UA | P9: x
A10: 4.1 | B10: 4 Connection Equiptment | C10: Wire flex | D10: #VALUE! | E10: 0,5 mm flex | F10: 15.99 | G10: 10 | H10: 1 | I10: =F10 * (H10/G10) -> 1.599 | J10: =ROUNDUP((Table2[[#This Row],[Pro Boot Benötigt]]/Table2[[#This Row],[Quantity (In Package)]]) * Input!$B$1,0) -> 2 | K10: =Table2[[#This Row],[Price (per Package)]]*Table2[[#This Row],[Quantity (min Packages)]] -> 31.98 | L10: https://amzn.eu/d/6LyUK9p | O10: 1 | P10: x nur 1
A11: 4.2 | B11: 4 Connection Equiptment | C11: Wire solid | D11: #VALUE! | E11: AWG 22 1 core | F11: 7.99 | G11: 10 | H11: 1 | I11: =F11 * (H11/G11) -> 0.799 | J11: =ROUNDUP((Table2[[#This Row],[Pro Boot Benötigt]]/Table2[[#This Row],[Quantity (In Package)]]) * Input!$B$1,0) -> 2 | K11: =Table2[[#This Row],[Price (per Package)]]*Table2[[#This Row],[Quantity (min Packages)]] -> 15.98 | L11: https://amzn.eu/d/hEwwOHh | P11: x
A12: 4.3 | B12: 4 Connection Equiptment | C12: Pin Headers | D12: #VALUE! | E12: 2,54 mm | F12: 7.79 | G12: 50 | H12: 2 | I12: =F12 * (H12/G12) -> 0.3116 | J12: =ROUNDUP((Table2[[#This Row],[Pro Boot Benötigt]]/Table2[[#This Row],[Quantity (In Package)]]) * Input!$B$1,0) -> 1 | K12: =Table2[[#This Row],[Price (per Package)]]*Table2[[#This Row],[Quantity (min Packages)]] -> 7.79 | L12: https://amzn.eu/d/a8is0Px | P12: x
A13: 4.4 | B13: 4 Connection Equiptment | C13: Shrink Tubing | D13: #VALUE! | E13: 3:1 1,5 to 0.5 mm | F13: 9.5 | G13: 1 | H13: 0.1 | I13: =F13 * (H13/G13) -> 0.95 | J13: =ROUNDUP((Table2[[#This Row],[Pro Boot Benötigt]]/Table2[[#This Row],[Quantity (In Package)]]) * Input!$B$1,0) -> 2 | K13: =Table2[[#This Row],[Price (per Package)]]*Table2[[#This Row],[Quantity (min Packages)]] -> 19 | L13: https://amzn.eu/d/3WeLk5l | O13: 1 | P13: x
A14: 4.5 | B14: 4 Connection Equiptment | C14: Breadboard | D14: #VALUE! | F14: 8.54 | G14: 5 | H14: 1 | I14: =F14 * (H14/G14) -> 1.708 | J14: =ROUNDUP((Table2[[#This Row],[Pro Boot Benötigt]]/Table2[[#This Row],[Quantity (In Package)]]) * Input!$B$1,0) -> 3 | K14: =Table2[[#This Row],[Price (per Package)]]*Table2[[#This Row],[Quantity (min Packages)]] -> 25.62 | L14: https://amzn.eu/d/39lWZCQ | P14: x
A15: 4.6 | B15: 4 Connection Equiptment | C15: Battery Connector | D15: #VALUE! | E15: JST SM-2 Male | F15: 4.99 | G15: 10 | H15: 1 | I15: =F15 * (H15/G15) -> 0.499 | J15: =ROUNDUP((Table2[[#This Row],[Pro Boot Benötigt]]/Table2[[#This Row],[Quantity (In Package)]]) * Input!$B$1,0) -> 2 | K15: =Table2[[#This Row],[Price (per Package)]]*Table2[[#This Row],[Quantity (min Packages)]] -> 9.98 | L15: https://amzn.eu/d/dPWls2S | P15: x
A16: 5.1 | B16: 5 Lights | C16: RGB LED Strip | D16: #VALUE! | F16: 27.99 | G16: 300 | H16: 8 | I16: =F16 * (H16/G16) -> 0.7464 | J16: =ROUNDUP((Table2[[#This Row],[Pro Boot Benötigt]]/Table2[[#This Row],[Quantity (In Package)]]) * Input!$B$1,0) -> 1 | K16: =Table2[[#This Row],[Price (per Package)]]*Table2[[#This Row],[Quantity (min Packages)]] -> 27.99 | L16: https://amzn.eu/d/i4iAauW | P16: x
A17: 7.1 | B17: 7 3D Printed Parts | C17: Filament | D17: #VALUE! | F17: 20 | G17: 1000 | H17: 250 | I17: =F17 * (H17/G17) -> 5 | J17: =ROUNDUP((Table2[[#This Row],[Pro Boot Benötigt]]/Table2[[#This Row],[Quantity (In Package)]]) * Input!$B$1,0) -> 4 | K17: =Table2[[#This Row],[Price (per Package)]]*Table2[[#This Row],[Quantity (min Packages)]] -> 80 | L17: https://amzn.eu/d/aCX3FEc | O17: 14,99 Angebot | P17: x
A18: 8.1 | B18: 8 Further Components | C18: Motor Capacitor | D18: #VALUE! | E18: 10nF | F18: 5.99 | G18: 100 | H18: 2 | I18: =F18 * (H18/G18) -> 0.1198 | J18: =ROUNDUP((Table2[[#This Row],[Pro Boot Benötigt]]/Table2[[#This Row],[Quantity (In Package)]]) * Input!$B$1,0) -> 1 | K18: =Table2[[#This Row],[Price (per Package)]]*Table2[[#This Row],[Quantity (min Packages)]] -> 5.99 | L18: https://amzn.eu/d/1UbT236 | P18: x
A19: 8.2 | B19: 8 Further Components | C19: Big Capacitor | D19: #VALUE! | F19: 7.99 | G19: 15 | H19: 2 | I19: =F19 * (H19/G19) -> 1.0653333 | J19: =ROUNDUP((Table2[[#This Row],[Pro Boot Benötigt]]/Table2[[#This Row],[Quantity (In Package)]]) * Input!$B$1,0) -> 2 | K19: =Table2[[#This Row],[Price (per Package)]]*Table2[[#This Row],[Quantity (min Packages)]] -> 15.98 | L19: https://amzn.eu/d/hKmvStG | P19: x
A20: 8.3 | B20: 8 Further Components | C20: LED Resistor | D20: #VALUE! | E20: 470 Ohm 0,25 W | F20: 5.69 | G20: 50 | H20: 1 | I20: =F20 * (H20/G20) -> 0.1138 | J20: =ROUNDUP((Table2[[#This Row],[Pro Boot Benötigt]]/Table2[[#This Row],[Quantity (In Package)]]) * Input!$B$1,0) -> 1 | K20: =Table2[[#This Row],[Price (per Package)]]*Table2[[#This Row],[Quantity (min Packages)]] -> 5.69 | L20: https://amzn.eu/d/bnOOZtQ | P20: x
A21: 8.4 | B21: 8 Further Components | C21: Voltage Sensor Resistor | D21: #VALUE! | E21: 180 Kohm 0,25 W | F21: 11.11 | G21: 50 | H21: 1 | I21: =F21 * (H21/G21) -> 0.2222 | J21: =ROUNDUP((Table2[[#This Row],[Pro Boot Benötigt]]/Table2[[#This Row],[Quantity (In Package)]]) * Input!$B$1,0) -> 1 | K21: =Table2[[#This Row],[Price (per Package)]]*Table2[[#This Row],[Quantity (min Packages)]] -> 11.11 | L21: https://amzn.eu/d/30379W4 | P21: x

Sheet Component Groups
A1: Name | B1: Number | C1: Group
A2: 1 Brain | B2: 1
A3: 2 Propulsion System | B3: 2 | C3: = [@Number] & " " & [@Name]
A4: 3 Power Supply | B4: 3 | C4: = [@Number] & " " & [@Name]
A5: 4 Connection Equiptment | B5: 4 | C5: = [@Number] & " " & [@Name]
A6: 5 Lights | B6: 5 | C6: = [@Number] & " " & [@Name]
A7: 6 Bottles | B7: 6 | C7: = [@Number] & " " & [@Name]
A8: 7 3D Printed Parts | B8: 7 | C8: = [@Number] & " " & [@Name]
A9: 8 Further Components | B9: 8 | C9: = [@Number] & " " & [@Name]
